{
  "pays": [

    {
      "code":    "AF",
      "nom":     "Afghanistan",
      "prefixe": "",
      "wiki":    "https://fr.wikipedia.org/wiki/Afghanistan"
    },

    {
      "code":    "AZ",
      "nom":     "Azerbaïjan",
      "prefixe": "",
      "wiki":    "https://fr.wikipedia.org/wiki/Azerba%C3%AFdjan"
    },

    {
      "code":    "BD",
      "nom":     "Bangladesh",
      "prefixe": "",
      "wiki":    "https://fr.wikipedia.org/wiki/Bangladesh"
    },



    {
      "code":    "BH",
      "nom":     "Bahreïn",
      "prefixe": "",
      "wiki":    "https://fr.wikipedia.org/wiki/Bahre%C3%AFn"
    },

    {
      "code":    "CN",
      "nom":     "Chine",
      "prefixe": "République Démocratique de",
      "wiki":    "https://fr.wikipedia.org/wiki/Chine"
    },



    {
      "code":    "GE",
      "nom":     "Géorgie",
      "prefixe": "",
      "wiki":    "https://fr.wikipedia.org/wiki/G%C3%A9orgie_(pays)"
    },


    {
      "code":    "IE",
      "nom":     "Irlande",
      "prefixe": "",
      "wiki":    "https://fr.wikipedia.org/wiki/Irlande_(pays)"
    },

    {
      "code":    "IL",
      "nom":     "Israël",
      "prefixe": "",
      "wiki":    "https://fr.wikipedia.org/wiki/Isra%C3%ABl"
    },

    {
      "code":    "IN",
      "nom":     "Inde",
      "prefixe": "",
      "wiki":    "https://fr.wikipedia.org/wiki/Inde"
    },

    {
      "code":    "IQ",
      "nom":     "Irak",
      "prefixe": "",
      "wiki":    "https://fr.wikipedia.org/wiki/Irak"
    },

    {
      "code":    "IR",
      "nom":     "Iran",
      "prefixe": "République Islamique de l'",
      "wiki":    "https://fr.wikipedia.org/wiki/Iran"
    },

    {
      "code":    "JO",
      "nom":     "Jordanie",
      "prefixe": "",
      "wiki":    "https://fr.wikipedia.org/wiki/Jordanie"
    },

    {
      "code":    "JP",
      "nom":     "Japon",
      "prefixe": "",
      "wiki":    "https://fr.wikipedia.org/wiki/Japon"
    },

    {
      "code":    "KG",
      "nom":     "Kirghizistan",
      "prefixe": "",
      "wiki":    "https://fr.wikipedia.org/wiki/Kirghizistan"
    },

    {
      "code":    "KH",
      "nom":     "Cambodge",
      "prefixe": "",
      "wiki":    "https://fr.wikipedia.org/wiki/Cambodge"
    },

    {
      "code":    "KP",
      "nom":     "Corée (du Nord)",
      "prefixe": "République Populaire Démocratique de",
      "wiki":    "https://fr.wikipedia.org/wiki/Cor%C3%A9e_du_Nord"
    },

    {
      "code":    "KR",
      "nom":     "Corée (du Sud)",
      "prefixe": "République de",
      "wiki":    "https://fr.wikipedia.org/wiki/Cor%C3%A9e_du_Sud"
    },

    {
      "code":    "KW",
      "nom":     "Koweït",
      "prefixe": "",
      "wiki":    "https://fr.wikipedia.org/wiki/Kowe%C3%AFt"
    },

    {
      "code":    "KZ",
      "nom":     "Kazakhstan",
      "prefixe": "",
      "wiki":    "https://fr.wikipedia.org/wiki/Kazakhstan"
    },

    {
      "code":    "LA",
      "nom":     "Laos",
      "prefixe": "République Démocratique du",
      "wiki":    "https://fr.wikipedia.org/wiki/Laos"
    },

    {
      "code":    "LB",
      "nom":     "Liban",
      "prefixe": "",
      "wiki":    "https://fr.wikipedia.org/wiki/Liban"
    },

    {
      "code":    "LK",
      "nom":     "Sri Lanka",
      "prefixe": "",
      "wiki":    "https://fr.wikipedia.org/wiki/Sri_Lanka"
    },

    {
      "code":    "LT",
      "nom":     "Lituanie",
      "prefixe": "",
      "wiki":    "https://fr.wikipedia.org/wiki/Lituanie"
    },

    {
      "code":    "MM",
      "nom":     "Myanmar",
      "prefixe": "",
      "wiki":    "https://fr.wikipedia.org/wiki/Birmanie"
    },

    {
      "code":    "MN",
      "nom":     "Mongolie",
      "prefixe": "",
      "wiki":    "https://fr.wikipedia.org/wiki/Mongolie"
    },

    {
      "code":    "MY",
      "nom":     "Malaisie",
      "prefixe": "",
      "wiki":    "https://fr.wikipedia.org/wiki/Malaisie"
    },


    {
      "code":    "NP",
      "nom":     "Népal",
      "prefixe": "",
      "wiki":    "https://fr.wikipedia.org/wiki/N%C3%A9pal"
    },

    {
      "code":    "OM",
      "nom":     "Oman",
      "prefixe": "",
      "wiki":    "https://fr.wikipedia.org/wiki/Oman"
    },

    {
      "code":    "PH",
      "nom":     "Philippines",
      "prefixe": "",
      "wiki":    "https://fr.wikipedia.org/wiki/Philippines"
    },

    {
      "code":    "PK",
      "nom":     "Pakistan",
      "prefixe": "",
      "wiki":    "https://fr.wikipedia.org/wiki/Pakistan"
    },

    {
      "code":    "PS",
      "nom":     "Palestine",
      "prefixe": "",
      "wiki":    "https://fr.wikipedia.org/wiki/Palestine"
    },

    {
      "code":    "QA",
      "nom":     "Qatar",
      "prefixe": "",
      "wiki":    "https://fr.wikipedia.org/wiki/Qatar"
    },

    {
      "code":    "RU",
      "nom":     "Russie",
      "prefixe": "Fédération de",
      "wiki":    "https://fr.wikipedia.org/wiki/Russie"
    },


    {
      "code":    "SA",
      "nom":     "Arabie Saoudite",
      "prefixe": "",
      "wiki":    "https://fr.wikipedia.org/wiki/Arabie_saoudite"
    },


    {
      "code":    "SG",
      "nom":     "Singapour",
      "prefixe": "",
      "wiki":    "https://fr.wikipedia.org/wiki/Singapour"
    },

    {
      "code":    "SR",
      "nom":     "Suriname",
      "prefixe": "",
      "wiki":    "https://fr.wikipedia.org/wiki/Suriname"
    },

    {
      "code":    "TH",
      "nom":     "Thaïlande",
      "prefixe": "",
      "wiki":    "https://fr.wikipedia.org/wiki/Tha%C3%AFlande"
    },

    {
      "code":    "TJ",
      "nom":     "Tadjikistan",
      "prefixe": "",
      "wiki":    "https://fr.wikipedia.org/wiki/Tadjikistan"
    },

    {
      "code":    "TM",
      "nom":     "Turkménistan",
      "prefixe": "",
      "wiki":    "https://fr.wikipedia.org/wiki/Turkm%C3%A9nistan"
    },

    {
      "code":    "TR",
      "nom":     "Turquie",
      "prefixe": "",
      "wiki":    "https://fr.wikipedia.org/wiki/Turquie"
    },

    {
      "code":    "TW",
      "nom":     "Taiwan (République de Chine)",
      "prefixe": "",
      "wiki":    "https://fr.wikipedia.org/wiki/Ta%C3%AFwan"
    },

    {
      "code":    "UZ",
      "nom":     "Ouzbékistan",
      "prefixe": "",
      "wiki":    "https://fr.wikipedia.org/wiki/Ouzb%C3%A9kistan"
    },

    {
      "code":    "VN",
      "nom":     "Vietnam",
      "prefixe": "",
      "wiki":    "https://fr.wikipedia.org/wiki/Vi%C3%AAt_Nam"
    },


    {
      "code":    "YE",
      "nom":     "Yémen",
      "prefixe": "",
      "wiki":    "https://fr.wikipedia.org/wiki/Y%C3%A9men"
    }

  ]
}
